Raw,Mapped
 Jun Yong Park,Jun Yong Park
Aaron Riley,Aaron Riley
Aaron Rosa,Aaron Rosa
Aaron Simpson,Aaron Simpson
Aaron Wilkinson,Aaron Wilkinson
Adam Cella,Adam Cella
Adlan Amagov,Adlan Amagov
Alan Belcher,Alan Belcher
Alekander Volkov,Alexander Volkov
Alex Soto,Alex Soto
Alexandre Ferreira,Alexandre Ferreira
Amilcar Alves,Amilcar Alves
Amir Sadollah,Amir Sadollah
Andre Winner,Andre Winner
Anistavio Medeiros,Anistavio Medeiros
Anton Kuivanen,Anton Kuivanen
Antonio Banuelos,Antonio Banuelos
Antonio Carvalho,Antonio Carvalho
Antonio McKee,Antonio McKee
Azamat Gashimov,Azamat Gashimov
Bart Palaszewski,Bart Palaszewski
Benny Alloway,Benny Alloway
Bentley Syler,Bentley Syler
Bernardo Magalhaes,Bernardo Magalhaes
Besam Yousef,Besam Yousef
Brad Blackburn,Brad Blackburn
Brandon Vera,Brandon Vera
Brian Bowles,Brian Bowles
Brian Foster,Brian Foster
Brian Melancon,Brian Melancon
Brian Stann,Brian Stann
Bristol Marunde,Bristol Marunde
Brock Jardine,Brock Jardine
Bubba Bush,Bubba Bush
Buddy Roberts,Buddy Roberts
Byron Bloodworth,Byron Bloodworth
Caludia Gadelha,Claudia Gadelha
Caludio Puelles,Claudio Puelles
Caol Uno,Caol Uno
Carlo Prater,Carlo Prater
Carlos Eduardo Rocha,Carlos Eduardo Rocha
Caros Fodor,Caros Fodor
Chad Griggs,Chad Griggs
Chael Sonnen,Chael Sonnen
Charlie Valencia,Charlie Valencia
Chase Gormley,Chase Gormley
Che Mills,Che Mills
Cheick Kongo,Cheick Kongo
Chris Cope,Chris Cope
Chris Lytle,Chris Lytle
Chris Saunders,Chris Saunders
Chris Spang,Chris Spang
Chris Tickle,Chris Tickle
Chris Tuchscherer,Chris Tuchscherer
Christian Morecraft,Christian Morecraft
Chuck Liddell,Chuck Liddell
Chuck O'Neil,Chuck O'Neil
CJ Keith,CJ Keith
Claude Patrick,Claude Patrick
Clay Harvison,Clay Harvison
Clifford Starks,Clifford Starks
Cody Donovan,Cody Donovan
Cole Escovedo,Cole Escovedo
Colin Fletcher,Colin Fletcher
Collin Hart,Collin Hart
Curt Warburton,Curt Warburton
Damacio Page,Damacio Page
DaMarques Johnson,DaMarques Johnson
Dan Hardy,Dan Hardy
Dan Lauzon,Dan Lauzon
Dan Stittgen,Dan Stittgen
Daniel Roberts,Daniel Roberts
Danny Downes,Danny Downes
Dave Herman,Dave Herman
David Loiseau,David Loiseau
Delson Heleno,Delson Heleno
Dennis Hallman,Dennis Hallman
Derrick,Derrick
Diego Nunes,Diego Nunes
Donny Walker,Donny Walker
Don'tale Mayes,Don'Tale Mayes
Duane Ludwig,Duane Ludwig
Dustin Hazelett,Dustin Hazelett
Dustin Neace,Dustin Neace
Dustin Pague,Dustin Pague
Eddie Mendez,Eddie Mendez
Eddie Yagin,Eddie Yagin
Ednaldo Oliveira,Ednaldo Oliveira
Edward Faaloloto,Edward Faaloloto
Eiji Mitsuoka,Eiji Mitsuoka
Eliot Marshall,Eliot Marshall
Elizeu Dos Santos,Elizeu Zaleski dos Santos
Eric Schafer,Eric Schafer
Eric Wisely,Eric Wisely
Felipe Olivieri,Felipe Olivieri
Forrest Griffin,Forrest Griffin
Forrest Petz,Forrest Petz
Fredson Paixao,Fredson Paixao
Gabe Ruediger,Gabe Ruediger
George Sotiropoulos,George Sotiropoulos
Gerald Harris,Gerald Harris
Germaine De Randamie,Germaine de Randamie
Gilbert Smith,Gilbert Smith
Gilbert Yvel,Gilbert Yvel
Goran Reljic,Goran Reljic
Greg Soto,Greg Soto
Grigorii Popov,Grigory Popov
Henry Martinez,Henry Martinez
Humberto Brown,Humberto Brown Morrison
Ian Loveland,Ian Loveland
Isabela De Pauda,Isabela de Padua
Issei Tamura,Issei Tamura
Jacob Volkmann,Jacob Volkmann
Jake Hecht,Jake Hecht
James Hammortree,James Hammortree
James Head,James Head
James Irvin,James Irvin
James McSweeney,James McSweeney
James Toney,James Toney
James Wilks,James Wilks
Jamie Yager,Jamie Yager
Jared Hamman,Jared Hamman
Jared Papazian,Jared Papazian
Jason Brilz,Jason Brilz
Jason MacDonald,Jason MacDonald
Jason Miller,Jason Miller
Jason Reinhardt,Jason Reinhardt
Jason Young,Jason Young
Javier Vazquez,Javier Vazquez
Jay Hieron,Jay Hieron
Jeff Curran,Jeff Curran
Jeff Hougland,Jeff Hougland
Jeremy Larsen,Jeremy Larsen
Jesse Bongfeldt,Jesse Bongfeldt
Jesse Forbes,Jesse Forbes
Jesse Lennox,Jesse Lennox
Jianping Yang,Jianping Yang
Jim Crute,Jimmy Crute
Jimmy Quinlan,Jimmy Quinlan
Joao Zeferino,Joao Zeferino
Joe Brammer,Joe Brammer
Joe Doerksen,Joe Doerksen
Joe Stevenson,Joe Stevenson
Joey Gambino,Joey Gambino
John Albert,John Albert
John Alessio,John Alessio
John Cholish,John Cholish
John Cofer,John Cofer
John Gunderson,John Gunderson
John Maguire,John Maguire
John Salter,John Salter
John Teixeira,John Teixeira
Jon Fitch,Jon Fitch
Jon Madsen,Jon Madsen
Jon Manley,Jon Manley
Jon Olav Einemo,Jon Olav Einemo
Jonathan Brookins,Jonathan Brookins
Jonathan Goulet,Jonathan Goulet
Jorge Lopez,Jorge Lopez
Jorge Rivera,Jorge Rivera
Jorge Santiago,Jorge Santiago
Joseph Sandoval,Joseph Sandoval
Josh Bryant,Josh Bryant
Josh Clopton,Josh Clopton
Josh Ferguson,Josh Ferguson
Josh Grispi,Josh Grispi
Josh Neer,Josh Neer
Joshua Culibao,Josh Culibao
Julio Paulino,Julio Paulino
Junior Assuncao,Junior Assuncao
Justin Lawrence,Justin Lawrence
Kai Kara France,Kai Kara-France
Kamal Shalorus,Kamal Shalorus
Karlos Vemola,Karlos Vemola
Karo Parisyan,Karo Parisyan
Keith Jardine,Keith Jardine
Keith Wisniewski,Keith Wisniewski
Ken Stone,Ken Stone
Kendall Grove,Kendall Grove
Kenny Florian,Kenny Florian
Kevin Ferguson,Kevin Ferguson
Kris McCray,Kris McCray
Krzystof Jotko,Krzysztof Jotko
Krzysztof Soszynski,Krzysztof Soszynski
Kurt Pellegrino,Kurt Pellegrino
Kyle Watson,Kyle Watson
Lavar Johnson,Lavar Johnson
Leonard Garcia,Leonard Garcia
Luci Pudilova,Lucie Pudilova
Lucio Linhares,Lucio Linhares
Luis Ramos,Luis Ramos
Luiz Cane,Luiz Cane
Luiz Garagorri,Luiz Eduardo Garagorri
Maciej Jewtuszko,Maciej Jewtuszko
Mackens Semerzier,Mackens Semerzier
Maiquel Falcao,Maiquel Falcao
Manuel Rodriguez,Manuel Rodriguez
Marcin Bandel,Marcin Bandel
Marcos Rogerio De Lima,Marcos Rogerio de Lima
Marcos Vinicius,Marcos Vinicius
Marcus Davis,Marcus Davis
Marcus LeVesseur,Marcus LeVesseur
Mario Miranda,Mario Miranda
Mark Holst,Mark Holst
Mark Hominick,Mark Hominick
Mark Scanlon,Mark Scanlon
Martin Kampmann,Martin Kampmann
Matt Grice,Matt Grice
Matt Hughes,Matt Hughes
Matt Lucas,Matt Lucas
Matt Serra,Matt Serra
Matt Veach,Matt Veach
Matthew Riddle,Matthew Riddle
Michihiro Omigawa,Michihiro Omigawa
Miguel Torres,Miguel Torres
Mike Brown,Mike Brown
Mike Guymon,Mike Guymon
Mike Lullo,Mike Lullo
Mike Massenzio,Mike Massenzio
Mike Ricci,Mike Ricci
Mike Russow,Mike Russow
Mike Stumpf,Mike Stumpf
Milton Vieira,Milton Vieira
Mostapha Al-Turk,Mostapha Al-Turk
Motonobu Tezuka,Motonobu Tezuka
Nah-Shon Burrell,Nah-Shon Burrell
Nandor Guelmino,Nandor Guelmino
Nate Quarry,Nate Quarry
Nick Denis,Nick Denis
Nick Osipczak,Nick Osipczak
Nick Pace,Nick Pace
Nick Penner,Nick Penner
Ode Obsourne,Ode Osbourne
Oli Thompson,Oli Thompson
Omar Antonio Morales Ferrer,Omar Morales
Pablo Garza,Pablo Garza
Papy Abedi,Papy Abedi
Pascal Krauss,Pascal Krauss
Pat Audinwood,Pat Audinwood
Pat Schilling,Pat Schilling
Paul Bradley,Paul Bradley
Paul Buentello,Paul Buentello
Paul Daley,Paul Daley
Paul Kelly,Paul Kelly
Paul Sass,Paul Sass
Paul Taylor,Paul Taylor
Pedro Nobre,Pedro Nobre
Peter Yan,Petr Yan
Phil Baroni,Phil Baroni
Philip De Fries,Philip De Fries
Randy Couture,Randy Couture
Renzo Gracie,Renzo Gracie
Reuben Duran,Reuben Duran
Ricardo Almeida,Ricardo Almeida
Ricardo Funch,Ricardo Funch
Ricardo Romero,Ricardo Romero
Rich Attonito,Rich Attonito
Rich Franklin,Rich Franklin
Riki Fukuda,Riki Fukuda
Rob Broughton,Rob Broughton
Rob Emerson,Rob Emerson
Rob Kimmons,Rob Kimmons
Robert Drysdale,Robert Drysdale
Rocco Martin,Anthony Rocco Martin
Rocky Lee,Rocky Lee
Rodney Wallace,Rodney Wallace
Roger Gracie,Roger Gracie
Roger Hollett,Roger Hollett
Ronys Torres,Ronys Torres
Rory Markham,Rory Markham
Ryan Couture,Ryan Couture
Ryan Jensen,Ryan Jensen
Ryan McGillivray,Ryan McGillivray
Sako Chivitchian,Sako Chivitchian
Sean McCorkle,Sean McCorkle
Sean Pierson,Sean Pierson
Sean Sherk,Sean Sherk
Seth Petruzelli,Seth Petruzelli
Shamar Bailey,Shamar Bailey
Shane Carwin,Shane Carwin
Shane del Rosario,Shane del Rosario
Shane Roller,Shane Roller
Shannon Gugerty,Shannon Gugerty
Sheila Gaff,Sheila Gaff
Shunichi Shimizu,Shunichi Shimizu
Simeon Thoresen,Simeon Thoresen
Spencer Fisher,Spencer Fisher
Stanislav Nedkov,Stanislav Nedkov
Stephan Bonnar,Stephan Bonnar
Stephen Bass,Stephen Bass
Steve Cantwell,Steve Cantwell
Steve Lopez,Steve Lopez
Steve Steinbeiss,Steve Steinbeiss
Terry Etim,Terry Etim
Tiequan Zhang,Tiequan Zhang
Tim Credeur,Tim Credeur
Tim Hague,Tim Hague
Tito Ortiz,Tito Ortiz
TJ Grant,TJ Grant
TJ O'Brien,TJ O'Brien
Todd Brown,Todd Brown
Tom Blackledge,Tom Blackledge
Tom DeBlass,Tom DeBlass
Tomasz Drwal,Tomasz Drwal
Tommy Hayden,Tommy Hayden
Tyler Toner,Tyler Toner
Tyson Griffin,Tyson Griffin
Ulysses Gomez,Ulysses Gomez
Vernon Ramos,Vernon Ramos
Vincente Luque,Vicente Luque
Vinicius Queiroz,Vinicius Queiroz
Vinny Magalhaes,Vinny Magalhaes
Vladimir Matyushenko,Vladimir Matyushenko
Wagner Campos,Wagner Campos
Wagner Prado,Wagner Prado
Walel Watson,Walel Watson
Wanderlei Silva,Wanderlei Silva
Waylon Lowe,Waylon Lowe
Willamy Freire,Willamy Freire
Yadong Song,Song Yadong
Yasuhiro Urushitani,Yasuhiro Urushitani
Yoislandy Izquierdo,Yoislandy Izquierdo
Yoshiyuki Yoshida,Yoshiyuki Yoshida
Youssef Zalel,Youssef Zalal
Yuri Villefort,Yuri Villefort
Zarah Fairn,Zarah Fairn dos Santos
Zhang Weili,Weili Zhang
Aalon Cruz,Aalon Cruz
Aaron Jeffery,Aaron Jeffery
Aaron Phillips,Aaron Phillips
Abdul Razak Alhassan,Abdul Razak Alhassan
Abdul-Kerim Edilov,Abdul-Kerim Edilov
Abel Trujillo,Abel Trujillo
Abner Lloveras,Abner Lloveras
Abu Azaitar,Abu Azaitar
Abubakar Nurmagomedov,Abubakar Nurmagomedov
Adam Antolin,Adam Antolin
Adam Milstead,Adam Milstead
Adam Wieczorek,Adam Wieczorek
Adam Yandiev,Adam Yandiev
Adrian Diaz,Adrian Diaz
Adrian Yanez,Adrian Yanez
Adriano Martins,Adriano Martins
Aiemann Zahabi,Aiemann Zahabi
Aisling Daly,Aisling Daly
Akbarh Arreola,Akbarh Arreola
Akira Corassani,Akira Corassani
Al Iaquinta,Al Iaquinta
Al Matavao,Al Matavao
Alan Baudot,Alan Baudot
Alan Jouban,Alan Jouban
Alan Omer,Alan Omer
Alan Patrick,Alan Patrick
Albert Cheng,Albert Cheng
Albert Morales,Albert Morales
Albert Tumenov,Albert Tumenov
Alberto Mina,Alberto Mina
Alberto Uda,Alberto Uda
Alejandro Flores,Alejandro Flores
Alejandro Perez,Alejandro Perez
Aleksa Camur,Aleksa Camur
Aleksandar Rakic,Aleksandar Rakic
Aleksandra Albu,Alexandra Albu
Aleksei Kunchenko,Aleksei Kunchenko
Aleksei Oleinik,Aleksei Oleinik
Alen Amedovski,Alen Amedovski
Alessandro Ricci,Alessandro Ricci
Alessio Di Chirico,Alessio Di Chirico
Alessio Sakara,Alessio Sakara
Alex Caceres,Alex Caceres
Alex Chambers,Alex Chambers
Alex Da Silva,Alex Da Silva
Alex Garcia,Alex Garcia
Alex Gorgees,Alex Gorgees
Alex Morono,Alex Morono
Alex Nicholson,Alex Nicholson
Alex Oliveira,Alex Oliveira
Alex Perez,Alex Perez
Alex Reyes,Alex Reyes
Alex Torres,Alex Torres
Alex Volkanovski,Alex Volkanovski
Alex White,Alex White
Alexa Grasso,Alexa Grasso
Alexander Gustafsson,Alexander Gustafsson
Alexander Hernandez,Alexander Hernandez
Alexander Munoz,Alexander Munoz
Alexander Poppeck,Alexander Poppeck
Alexander Volkanovski,Alex Volkanovski
Alexander Volkov,Alexander Volkov
Alexander Yakovlev,Alexander Yakovlev
Alexandr Romanov,Alexandr Romanov
Alexandra Albu,Alexandra Albu
Alexandre Pantoja,Alexandre Pantoja
Alexis Davis,Alexis Davis
Alexis Dufresne,Alexis Dufresne
Alfred Khashakyan,Alfred Khashakyan
Ali AlQaisi,Ali AlQaisi
Ali Bagautinov,Ali Bagautinov
Aliaskhab Khizriev,Aliaskhab Khizriev
Alistair Overeem,Alistair Overeem
Aljamain Sterling,Aljamain Sterling
Allan Zuniga,Allan Zuniga
Allen Crowder,Allen Crowder
Alonzo Menifield,Alonzo Menifield
Alptekin Ozkilic,Alptekin Ozkilic
Alton Cunningham,Alton Cunningham
Alvaro Herrera,Alvaro Herrera
Amanda Cooper,Amanda Cooper
Amanda Lemos,Amanda Lemos
Amanda Nunes,Amanda Nunes
Amanda Ribas,Amanda Ribas
Amir Albazi,Amir Albazi
An Ying Wang,An Ying Wang
Anderson Dos Santos,Anderson Dos Santos
Anderson Silva,Anderson Silva
Andre Ewell,Andre Ewell
Andre Fili,Andre Fili
Andre Muniz,Andre Muniz
Andre Soukhamthath,Andre Soukhamthath
Andrea Lee,Andrea Lee
Andreas Michailidis,Andreas Michailidis
Andreas Stahl,Andreas Stahl
Andrei Arlovski,Andrei Arlovski
Andrew Craig,Andrew Craig
Andrew Holbrook,Andrew Holbrook
Andrew Sanchez,Andrew Sanchez
Andy Enz,Andy Enz
Andy Ogle,Andy Ogle
Angel De Anda,Angel De Anda
Angela Hill,Angela Hill
Angela Magana,Angela Magana
Anna Elmose,Anna Elmose
Anthony Adams,Anthony Adams
Anthony Birchak,Anthony Birchak
Anthony Christodoulou,Anthony Christodoulou
Anthony Hamilton,Anthony Hamilton
Anthony Hernandez,Anthony Hernandez
Anthony Ivy,Anthony Ivy
Anthony Johnson,Anthony Johnson
Anthony Lapsley,Anthony Lapsley
Anthony Njokuani,Anthony Njokuani
Anthony Perosh,Anthony Perosh
Anthony Pettis,Anthony Pettis
Anthony Rocco Martin,Anthony Rocco Martin
Anthony Romero,Anthony Romero
Anthony Smith,Anthony Smith
Anton Berzin,Anton Berzin
Anton Zafir,Anton Zafir
Antonina Shevchenko,Antonina Shevchenko
Antonio Arroyo,Antonio Arroyo
Antonio Braga Neto,Antonio Braga Neto
Antonio Carlos Junior,Antonio Carlos Junior
Antonio Dos Santos,Antonio Dos Santos
Antonio Silva,Antonio Silva
Antonio Trocoli,Antonio Trocoli
Ariane Carnelossi,Ariane Carnelossi
Ariane Lipski,Ariane Lipski
Ariel Beck,Ariel Beck
Arjan Bhullar,Arjan Bhullar
Arman Tsarukyan,Arman Tsarukyan
Armando Villarreal,Armando Villarreal
Arnold Allen,Arnold Allen
Artem Lobov,Artem Lobov
Ashkan Mokhtarian,Ashkan Mokhtarian
Ashlee Evans-Smith,Ashlee Evans-Smith
Ashley Yoder,Ashley Yoder
Askar Askarov,Askar Askarov
Aspen Ladd,Aspen Ladd
Augusto Mendes,Augusto Mendes
Augusto Montano,Augusto Montano
Augusto Sakai,Augusto Sakai
Austin Arnett,Austin Arnett
Austin Hubbard,Austin Hubbard
Austin Lingo,Austin Lingo
Austin Springer,Austin Springer
Azunna Anyanwu,Azunna Anyanwu
BJ Penn,BJ Penn
Barb Honchak,Barb Honchak
Bartosz Fabinski,Bartosz Fabinski
Batgerel Danaa,Batgerel Danaa
Bea Malecki,Bea Malecki
Bec Rawlings,Bec Rawlings
Belal Muhammad,Belal Muhammad
Ben Askren,Ben Askren
Ben Nguyen,Ben Nguyen
Ben Rothwell,Ben Rothwell
Ben Saunders,Ben Saunders
Ben Sosoli,Ben Sosoli
Ben Wall,Ben Wall
Beneil Dariush,Beneil Dariush
Benito Lopez,Benito Lopez
Benson Henderson,Benson Henderson
Bethe Correia,Bethe Correia
Bevon Lewis,Bevon Lewis
Bharat Kandare,Bharat Kandare
Bigfoot Silva,Bigfoot Silva
Bill Algeo,Bill Algeo
Billy Quarantillo,Billy Quarantillo
Blagoy Ivanov,Blagoy Ivanov
Bobby Green,Bobby Green
Bobby Moffett,Bobby Moffett
Bobby Nash,Bobby Nash
Bobby Voelker,Bobby Voelker
Bojan Mihajlovic,Bojan Mihajlovic
Bojan Velickovic,Bojan Velickovic
Boston Salmon,Boston Salmon
Brad Katona,Brad Katona
Brad Pickett,Brad Pickett
Brad Riddell,Brad Riddell
Brad Tavares,Brad Tavares
Bradley Scott,Bradley Scott
Brady Huang,Brady Huang
Brandon Davis,Brandon Davis
Brandon Moreno,Brandon Moreno
Brandon Royval,Brandon Royval
Brandon Thatch,Brandon Thatch
Brendan Allen,Brendan Allen
Brendan Loughnane,Brendan Loughnane
Brendan O'Reilly,Brendan O'Reilly
Brendan Schaub,Brendan Schaub
Brett Johns,Brett Johns
Brian Camozzi,Brian Camozzi
Brian Ebersole,Brian Ebersole
Brian Houston,Brian Houston
Brian Kelleher,Brian Kelleher
Brian Ortega,Brian Ortega
Brianna Van Buren,Brianna Van Buren
Brock Lesnar,Brock Lesnar
Brok Weaver,Brok Weaver
Bruno Korea,Bruno Korea
Bruno Oliveira,Bruno Oliveira
Bruno Santos,Bruno Santos
Bruno Silva,Bruno Silva
Bryan Barberena,Bryan Barberena
Bryan Caraway,Bryan Caraway
Bryce Mitchell,Bryce Mitchell
Bubba McDaniel,Bubba McDaniel
CB Dollaway,CB Dollaway
CJ Hamilton,CJ Hamilton
CM Punk,CM Punk
Cain Carrizosa,Cain Carrizosa
Cain Velasquez,Cain Velasquez
Caio Magalhaes,Caio Magalhaes
Callan Potter,Callan Potter
Calvin Kattar,Calvin Kattar
Cameron Church,Cameron Church
Cameron Else,Cameron Else
Cameron Olson,Cameron Olson
Carla Esparza,Carla Esparza
Carlo Pedersoli,Carlo Pedersoli
Carlos Candelario,Carlos Candelario
Carlos Condit,Carlos Condit
Carlos Diego Ferreira,Carlos Diego Ferreira
Carlos Felipe,Carlos Felipe
Carlos Huachin,Carlos Huachin
Carlos Ulberg,Carlos Ulberg
Carls John De Tomas,Carls John De Tomas
Carlston Harris,Carlston Harris
Carlton Minus,Carlton Minus
Casey Kenney,Casey Kenney
Casey O'Neill,Casey O'Neill
Cat Zingano,Cat Zingano
Cathal Pendred,Cathal Pendred
Cesar Arzamendia,Cesar Arzamendia
Cezar Ferreira,Cezar Ferreira
Chad Johnson,Chad Johnson
Chad Laprise,Chad Laprise
Chad Mendes,Chad Mendes
Chan Sung Jung,Chan Sung Jung
Chance Rencountre,Chance Rencountre
Chanmi Jeon,Chanmi Jeon
Charles Byrd,Charles Byrd
Charles Jourdain,Charles Jourdain
Charles Oliveira,Charles Oliveira
Charles Rosa,Charles Rosa
Charlie Brenneman,Charlie Brenneman
Charlie Ontiveros,Charlie Ontiveros
Charlie Ward,Charlie Ward
Chas Skelly,Chas Skelly
Chase Gibson,Chase Gibson
Chase Hooper,Chase Hooper
Chase Sherman,Chase Sherman
Chase Waldon,Chase Waldon
Chelsea Hackett,Chelsea Hackett
Cheyanne Buys,Cheyanne Buys
Cheyden Leialoha,Cheyden Leialoha
Chico Camus,Chico Camus
Chris Avila,Chris Avila
Chris Beal,Chris Beal
Chris Camozzi,Chris Camozzi
Chris Cariaso,Chris Cariaso
Chris Clements,Chris Clements
Chris Daukaus,Chris Daukaus
Chris Dempsey,Chris Dempsey
Chris Fishgold,Chris Fishgold
Chris Gruetzemacher,Chris Gruetzemacher
Chris Gutierrez,Chris Gutierrez
Chris Heatherly,Chris Heatherly
Chris Holdsworth,Chris Holdsworth
Chris Indich,Chris Indich
Chris Kelades,Chris Kelades
Chris Leben,Chris Leben
Chris Wade,Chris Wade
Chris Weidman,Chris Weidman
Chris de la Rocha,Chris de la Rocha
Christian Aguilera,Christian Aguilera
Christian Colombo,Christian Colombo
Christian Lohsen,Christian Lohsen
Christian Ocon,Christian Ocon
Christina Marks,Christina Marks
Christos Giagos,Christos Giagos
Cindy Dandois,Cindy Dandois
Ciryl Gane,Ciryl Gane
Claudia Gadelha,Claudia Gadelha
Claudio Henrique da Silva,Claudio Henrique da Silva
Claudio Puelles,Claudio Puelles
Claudio Silva,Claudio Silva
Clay Collard,Clay Collard
Clay Guida,Clay Guida
Clint Hester,Clint Hester
Cody Brundage,Cody Brundage
Cody Durden,Cody Durden
Cody East,Cody East
Cody Garbrandt,Cody Garbrandt
Cody Gibson,Cody Gibson
Cody McKenzie,Cody McKenzie
Cody Pfister,Cody Pfister
Cody Stamann,Cody Stamann
Colby Covington,Colby Covington
Cole Miller,Cole Miller
Cole Smith,Cole Smith
Cole Williams,Cole Williams
Collin Anglin,Collin Anglin
Collin Huckbody,Collin Huckbody
Colton Smith,Colton Smith
Conor McGregor,Conor McGregor
Corey Anderson,Corey Anderson
Cortney Casey,Cortney Casey
Cory Hendricks,Cory Hendricks
Cory McKenna,Cory McKenna
Cory Sandhagen,Cory Sandhagen
Costas Philippou,Costas Philippou
Court McGee,Court McGee
Craig White,Craig White
Cris Cyborg,Cris Cyborg
Cristiane Justino,Cristiane Justino
Cristiano Marcello,Cristiano Marcello
Cristina Stanciu,Cristina Stanciu
Cub Swanson,Cub Swanson
Cung Le,Cung Le
Curtis Blaydes,Curtis Blaydes
Curtis Millender,Curtis Millender
Cynthia Calvillo,Cynthia Calvillo
Cyril Asker,Cyril Asker
Cyrille Diabate,Cyrille Diabate
Da Un Jung,Da Un Jung
Da-Un Jung,Da-Un Jung
Daichi Abe,Daichi Abe
Dakota Bush,Dakota Bush
Dalcha Lungiambula,Dalcha Lungiambula
Damian Grabowski,Damian Grabowski
Damian Stasiak,Damian Stasiak
Damien Brown,Damien Brown
Damir Hadzovic,Damir Hadzovic
Damir Ismagulov,Damir Ismagulov
Damon Jackson,Damon Jackson
Dan Henderson,Dan Henderson
Dan Hooker,Dan Hooker
Dan Ige,Dan Ige
Dan Miller,Dan Miller
Dan Moret,Dan Moret
Danaa Batgerel,Danaa Batgerel
Daniel Cormier,Daniel Cormier
Daniel Jolly,Daniel Jolly
Daniel Kelly,Daniel Kelly
Daniel Omielanczuk,Daniel Omielanczuk
Daniel Pineda,Daniel Pineda
Daniel Rodriguez,Daniel Rodriguez
Daniel Sarafian,Daniel Sarafian
Daniel Spitz,Daniel Spitz
Daniel Spohn,Daniel Spohn
Daniel Swain,Daniel Swain
Daniel Teymur,Daniel Teymur
Danielle Taylor,Danielle Taylor
Danilo Belluardo,Danilo Belluardo
Danilo Marques,Danilo Marques
Danny Castillo,Danny Castillo
Danny Chavez,Danny Chavez
Danny Henry,Danny Henry
Danny Martinez,Danny Martinez
Danny Mitchell,Danny Mitchell
Danny Roberts,Danny Roberts
Danny Sabatello,Danny Sabatello
Danyelle Wolf,Danyelle Wolf
Darko Stosic,Darko Stosic
Daron Cruickshank,Daron Cruickshank
Darrell Horcher,Darrell Horcher
Darrell Montague,Darrell Montague
Darren Elkins,Darren Elkins
Darren Stewart,Darren Stewart
Darren Till,Darren Till
Darren Uyenoyama,Darren Uyenoyama
Darrick Minner,Darrick Minner
Dashon Johnson,Dashon Johnson
Dave Galera,Dave Galera
Davey Grant,Davey Grant
Davi Ramos,Davi Ramos
David Branch,David Branch
David Dvorak,David Dvorak
David Michaud,David Michaud
David Mitchell,David Mitchell
David Teymur,David Teymur
David Zawada,David Zawada
DeAnna Bennett,DeAnna Bennett
Deiveson Figueiredo,Deiveson Figueiredo
Demetrious Johnson,Demetrious Johnson
Demian Maia,Demian Maia
Dennis Bermudez,Dennis Bermudez
Dennis Buzukja,Dennis Buzukja
Dennis Siver,Dennis Siver
Dequan Townsend,Dequan Townsend
Derek Brunson,Derek Brunson
Deron Winn,Deron Winn
Derrick Krantz,Derrick Krantz
Derrick Lewis,Derrick Lewis
Desmond Green,Desmond Green
Desmond Torres,Desmond Torres
Devin Clark,Devin Clark
Devin Powell,Devin Powell
Devin Smyth,Devin Smyth
Devonte Smith,Devonte Smith
Dhiego Lima,Dhiego Lima
Diana Belbita,Diana Belbita
Diego Brandao,Diego Brandao
Diego Ferreira,Diego Ferreira
Diego Rivas,Diego Rivas
Diego Sanchez,Diego Sanchez
Dileno Lopes,Dileno Lopes
Dinis Paiva Jr.,Dinis Paiva Jr.
Dmitrii Smoliakov,Dmitrii Smoliakov
Dmitry Sosnovskiy,Dmitry Sosnovskiy
Domingo Pilarte,Domingo Pilarte
Dominic Waters,Dominic Waters
Dominick Cruz,Dominick Cruz
Dominick Reyes,Dominick Reyes
Dominique Steele,Dominique Steele
Don Madge,Don Madge
Don'Tale Mayes,Don'Tale Mayes
Donald Cerrone,Donald Cerrone
Donavon Frelow,Donavon Frelow
Dong Hyun Kim,Dong Hyun Kim
Dong Hyun Ma,Dong Hyun Ma
Dongi Yang,Dongi Yang
Doo Ho Choi,Dooho Choi
Dooho Choi,Dooho Choi
Douglas Silva de Andrade,Douglas Silva de Andrade
Drakkar Klose,Drakkar Klose
Drako Rodriguez,Drako Rodriguez
Drew Dober,Drew Dober
Dricus Du Plessis,Dricus Du Plessis
Duda Santana,Duda Santana
Dusko Todorovic,Dusko Todorovic
Dustin Jacoby,Dustin Jacoby
Dustin Joynson,Dustin Joynson
Dustin Kimura,Dustin Kimura
Dustin Ortiz,Dustin Ortiz
Dustin Poirier,Dustin Poirier
Dustin Stoltzfus,Dustin Stoltzfus
Dwight Grant,Dwight Grant
Dwight Joseph,Dwight Joseph
Dylan Andrews,Dylan Andrews
Dylan Lockard,Dylan Lockard
Ed Herman,Ed Herman
Eddie Alvarez,Eddie Alvarez
Eddie Gordon,Eddie Gordon
Eddie Wineland,Eddie Wineland
Edgar Garcia,Edgar Garcia
Edmen Shahbazyan,Edmen Shahbazyan
Edson Barboza,Edson Barboza
Edson Gomez,Edson Gomez
Eduardo Garagorri,Luiz Eduardo Garagorri
Edwin Figueroa,Edwin Figueroa
Efrain Escudero,Efrain Escudero
Elias Garcia,Elias Garcia
Elias Silverio,Elias Silverio
Elias Theodorou,Elias Theodorou
Elias Urbina,Elias Urbina
Elizabeth Phillips,Elizabeth Phillips
Elizeu Zaleski dos Santos,Elizeu Zaleski dos Santos
Elvis Mutapcic,Elvis Mutapcic
Emil Meek,Emil Meek
Emil Weber Meek,Emil Weber Meek
Emily Peters Kagan,Emily Peters Kagan
Emily Whitmire,Emily Whitmire
Enrique Barzola,Enrique Barzola
Enrique Marin,Enrique Marin
Eric Shelton,Eric Shelton
Eric Spicely,Eric Spicely
Erick Montano,Erick Montano
Erick Silva,Erick Silva
Ericka Almeida,Ericka Almeida
Erik Koch,Erik Koch
Erik Perez,Erik Perez
Ernest Chavez,Ernest Chavez
Eryk Anders,Eryk Anders
Estevan Payan,Estevan Payan
Evan Dunham,Evan Dunham
Everett Sims,Everett Sims
Fabio Cherant,Fabio Cherant
Fabio Maldonado,Fabio Maldonado
Fabricio Camoes,Fabricio Camoes
Fabricio Werdum,Fabricio Werdum
Fares Ziam,Fares Ziam
Felice Herrig,Felice Herrig
Felicia Spencer,Felicia Spencer
Felipe Arantes,Felipe Arantes
Felipe Colares,Felipe Colares
Felipe Silva,Felipe Silva
Fernando Bruno,Fernando Bruno
Filip Pejic,Filip Pejic
Francimar Barroso,Francimar Barroso
Francis Carmont,Francis Carmont
Francis Ngannou,Francis Ngannou
Francisco Figueiredo,Francisco Figueiredo
Francisco Rivera,Francisco Rivera
Francisco Trevino,Francisco Trevino
Francisco Trinaldo,Francisco Trinaldo
Frank Camacho,Frank Camacho
Frank Mir,Frank Mir
Frankie Edgar,Frankie Edgar
Frankie Perez,Frankie Perez
Frankie Saenz,Frankie Saenz
Fredy Serrano,Fredy Serrano
Gabe Green,Gabe Green
Gabriel Benitez,Gabriel Benitez
Gabriel Gonzaga,Gabriel Gonzaga
Gabriel Silva,Gabriel Silva
Gadzhimurad Antigulov,Gadzhimurad Antigulov
Gaetano Pirrello,Gaetano Pirrello
Galore Bofando,Galore Bofando
Garett Whiteley,Garett Whiteley
Garreth McLellan,Garreth McLellan
Gasan Umalatov,Gasan Umalatov
Gavin Tucker,Gavin Tucker
Geane Herrera,Geane Herrera
Gegard Mousasi,Gegard Mousasi
Geoff Neal,Geoff Neal
George Roop,George Roop
George Sullivan,George Sullivan
Georges St-Pierre,Georges St-Pierre
Gerald Meerschaert,Gerald Meerschaert
Geraldo de Freitas,Geraldo de Freitas
Germaine de Randamie,Germaine de Randamie
Gian Villante,Gian Villante
Giga Chikadze,Giga Chikadze
Gilbert Burns,Gilbert Burns
Gilbert Melendez,Gilbert Melendez
Gillian Robertson,Gillian Robertson
Gina Mazany,Gina Mazany
Glaico Franca,Glaico Franca
Glaico Franca Moreira,Glaico Franca Moreira
Gleison Tibau,Gleison Tibau
Gloria de Paula,Gloria de Paula
Glover Teixeira,Glover Teixeira
Godofredo Pepey,Godofredo Pepey
Gokhan Saki,Gokhan Saki
Grant Dawson,Grant Dawson
Gray Maynard,Gray Maynard
Greg Hardy,Greg Hardy
Greg Rebello,Greg Rebello
Gregor Gillespie,Gregor Gillespie
Gregory Rodrigues,Gregory Rodrigues
Grigory Popov,Grigory Popov
Guido Cannetti,Guido Cannetti
Guilherme Vasconcelos,Guilherme Vasconcelos
Gunnar Nelson,Gunnar Nelson
Guram Kutateladze,Guram Kutateladze
Gustavo Lopez,Gustavo Lopez
Guto Inocente,Guto Inocente
Hacran Dias,Hacran Dias
Hakeem Dawodu,Hakeem Dawodu
Hannah Cifers,Hannah Cifers
Hannah Goldy,Hannah Goldy
Hans Stringer,Hans Stringer
Harry Hunsucker,Harry Hunsucker
Harvey Park,Harvey Park
Hatsu Hioki,Hatsu Hioki
Hayder Hassan,Hayder Hassan
Heather Jo Clark,Heather Jo Clark
Hector Aldana,Hector Aldana
Hector Lombard,Hector Lombard
Hector Sandoval,Hector Sandoval
Hector Urbina,Hector Urbina
Heili Alateng,Heili Alateng
Henrique Shiguemoto,Henrique Shiguemoto
Henrique da Silva,Henrique da Silva
Henry Briones,Henry Briones
Henry Cejudo,Henry Cejudo
Herbert Burns,Herbert Burns
Herdem Alacabek,Herdem Alacabek
Hernani Perpetuo,Hernani Perpetuo
Hilarie Rose,Hilarie Rose
Holly Holm,Holly Holm
Horacio Gutierrez,Horacio Gutierrez
Hu Yaozong,Hu Yaozong
Hugo Viana,Hugo Viana
Humberto Bandenay,Humberto Bandenay
Humberto Brown Morrison,Humberto Brown Morrison
Hunter Azure,Hunter Azure
Hyun Gyu Lim,Hyun Gyu Lim
Ian Entwistle,Ian Entwistle
Ian Heinisch,Ian Heinisch
Ian McCall,Ian McCall
Ignacio Bahamondes,Ignacio Bahamondes
Igor Araujo,Igor Araujo
Igor Pokrajac,Igor Pokrajac
Ike Villanueva,Ike Villanueva
Ildemar Alcantara,Ildemar Alcantara
Ilia Topuria,Ilia Topuria
Iliarde Santos,Iliarde Santos
Ilir Latifi,Ilir Latifi
Impa Kasanganay,Impa Kasanganay
Ion Cutelaba,Ion Cutelaba
Irene Aldana,Irene Aldana
Irwin Rivera,Irwin Rivera
Isaac Vallie-Flagg,Isaac Vallie-Flagg
Isabela de Padua,Isabela de Padua
Islam Makhachev,Islam Makhachev
Ismail Naurdiev,Ismail Naurdiev
Israel Adesanya,Israel Adesanya
Iuri Alcantara,Iuri Alcantara
Ivan Jorge,Ivan Jorge
Ivan Menjivar,Ivan Menjivar
Izabela Badurek,Izabela Badurek
JC Cottrell,JC Cottrell
JJ Aldrich,JJ Aldrich
JJ Okanovich,JJ Okanovich
JP Buys,JP Buys
Jacare Souza,Jacare Souza
Jack Hermansson,Jack Hermansson
Jack Marshman,Jack Marshman
Jack May,Jack May
Jack Shore,Jack Shore
Jacob Kilburn,Jacob Kilburn
Jacob Malkoun,Jacob Malkoun
Jacob Rosales,Jacob Rosales
Jacob Silva,Jacob Silva
Jai Herbert,Jai Herbert
Jaime Alvarez,Jaime Alvarez
Jairzinho Rozenstruik,Jairzinho Rozenstruik
Jake Collier,Jake Collier
Jake Ellenberger,Jake Ellenberger
Jake Lindsey,Jake Lindsey
Jake Matthews,Jake Matthews
Jake Shields,Jake Shields
Jalin Turner,Jalin Turner
Jamahal Hill,Jamahal Hill
Jamal Pogues,Jamal Pogues
Jamall Emmers,Jamall Emmers
Jamelle Jones,Jamelle Jones
James Bochnovic,James Bochnovic
James Gray,James Gray
James Krause,James Krause
James Moontasri,James Moontasri
James Mulheron,James Mulheron
James Te Huna,James Te Huna
James Te-Huna,James Te-Huna
James Vick,James Vick
James Wallace,James Wallace
Jamey Simmons,Jamey Simmons
Jamie Colleen,Jamie Colleen
Jamie Moyle,Jamie Moyle
Jamie Mullarkey,Jamie Mullarkey
Jamie Pickett,Jamie Pickett
Jamie Varner,Jamie Varner
Jan Blachowicz,Jan Blachowicz
Jared Cannonier,Jared Cannonier
Jared Gooden,Jared Gooden
Jared Gordon,Jared Gordon
Jared Rosholt,Jared Rosholt
Jared Vanderaa,Jared Vanderaa
Jarjis Danho,Jarjis Danho
Jarred Brooks,Jarred Brooks
Jason Gonzalez,Jason Gonzalez
Jason High,Jason High
Jason Jackson,Jason Jackson
Jason Knight,Jason Knight
Jason Novelli,Jason Novelli
Jason Saggo,Jason Saggo
Jason Witt,Jason Witt
Jay Cucciniello,Jay Cucciniello
Jay Perrin,Jay Perrin
Jeff Hughes,Jeff Hughes
Jeff Molina,Jeff Molina
Jenel Lausa,Jenel Lausa
Jennifer Maia,Jennifer Maia
Jeremy Kennedy,Jeremy Kennedy
Jeremy Kimball,Jeremy Kimball
Jeremy Stephens,Jeremy Stephens
Jerome Rivera,Jerome Rivera
Jerrod Sanders,Jerrod Sanders
Jessamyn Duke,Jessamyn Duke
Jesse Ronson,Jesse Ronson
Jesse Strader,Jesse Strader
Jesse Taylor,Jesse Taylor
Jessica Aguilar,Jessica Aguilar
Jessica Andrade,Jessica Andrade
Jessica Eye,Jessica Eye
Jessica Penne,Jessica Penne
Jessica Rakoczy,Jessica Rakoczy
Jessica-Rose Clark,Jessica-Rose Clark
Jessin Ayari,Jessin Ayari
Jesus Pinedo,Jesus Pinedo
Jhonoven Pati,Jhonoven Pati
Ji Yeon Kim,Ji Yeon Kim
Jim Alers,Jim Alers
Jim Miller,Jim Miller
Jimi Manuwa,Jimi Manuwa
Jimmie Rivera,Jimmie Rivera
Jimmy Crute,Jimmy Crute
Jimmy Flick,Jimmy Flick
Jimmy Wallhead,Jimmy Wallhead
Jimy Hettes,Jimy Hettes
Jin Soo Son,Jin Soo Son
Jingliang Li,Jingliang Li
Jinh Yu Frey,Jinh Yu Frey
Jiri Prochazka,Jiri Prochazka
Joachim Christensen,Joachim Christensen
Joanna Jedrzejczyk,Joanna Jedrzejczyk
Joanne Calderwood,Joanne Calderwood
Joaquim Silva,Joaquim Silva
Joaquin Buckley,Joaquin Buckley
Joby Sanchez,Joby Sanchez
Jocelyn Jones-Lybarger,Jocelyn Jones-Lybarger
Jodie Esquibel,Jodie Esquibel
Joe Duffy,Joe Duffy
Joe Ellenberger,Joe Ellenberger
Joe Giannetti,Joe Giannetti
Joe Gigliotti,Joe Gigliotti
Joe Lauzon,Joe Lauzon
Joe Lowry,Joe Lowry
Joe Merritt,Joe Merritt
Joe Proctor,Joe Proctor
Joe Pyfer,Joe Pyfer
Joe Riggs,Joe Riggs
Joe Solecki,Joe Solecki
Joe Soto,Joe Soto
Joel Alvarez,Joel Alvarez
Joey Beltran,Joey Beltran
Joey Gomez,Joey Gomez
John Allan,John Allan
John Allan Arte,John Allan Arte
John Castaneda,John Castaneda
John Dodson,John Dodson
John Gunther,John Gunther
John Hathaway,John Hathaway
John Howard,John Howard
John Lineker,John Lineker
John Makdessi,John Makdessi
John Moraga,John Moraga
John Phillips,John Phillips
Johnny Bedford,Johnny Bedford
Johnny Case,Johnny Case
Johnny Eduardo,Johnny Eduardo
Johnny Munoz,Johnny Munoz
Johnny Walker,Johnny Walker
Johny Hendricks,Johny Hendricks
Jon Delos Reyes,Jon Delos Reyes
Jon Jones,Jon Jones
Jon Tuck,Jon Tuck
Jonathan Martinez,Jonathan Martinez
Jonathan Meunier,Jonathan Meunier
Jonathan Pearce,Jonathan Pearce
Jonathan Wilson,Jonathan Wilson
Jonavin Webb,Jonavin Webb
Jordan Espinosa,Jordan Espinosa
Jordan Griffin,Jordan Griffin
Jordan Johnson,Jordan Johnson
Jordan Leavitt,Jordan Leavitt
Jordan Mein,Jordan Mein
Jordan Rinaldi,Jordan Rinaldi
Jordan Williams,Jordan Williams
Jordan Wright,Jordan Wright
Jorge Masvidal,Jorge Masvidal
Jorge de Oliveira,Jorge de Oliveira
Jose Aldo,Jose Aldo
Jose Flores,Jose Flores
Jose Johnson,Jose Johnson
Jose Maria,Jose Maria
Jose Quinonez,Jose Quinonez
Jose Torres,Jose Torres
Joselyne Edwards,Joselyne Edwards
Joseph Benavidez,Joseph Benavidez
Joseph Morales,Joseph Morales
Josh Barnett,Josh Barnett
Josh Copeland,Josh Copeland
Josh Culibao,Josh Culibao
Josh Emmett,Josh Emmett
Josh Koscheck,Josh Koscheck
Josh Parisian,Josh Parisian
Josh Samman,Josh Samman
Josh Sampo,Josh Sampo
Josh Shockley,Josh Shockley
Josh Stansbury,Josh Stansbury
Josh Thomson,Josh Thomson
Joshua Burkman,Joshua Burkman
Joshua Sampo,Joshua Sampo
Journey Newson,Journey Newson
Juan Adams,Juan Adams
Juan Espino,Juan Espino
Juan Espino Dieppa,Juan Espino Dieppa
Juan Puig,Juan Puig
Julia Avila,Julia Avila
Julian Erosa,Julian Erosa
Julian Marquez,Julian Marquez
Juliana Lima,Juliana Lima
Julianna Pena,Julianna Pena
Julie Kedzie,Julie Kedzie
Julija Stoliarenko,Julija Stoliarenko
Julio Arce,Julio Arce
Julius Anglickas,Julius Anglickas
Jumabieke Tuerxun,Jumabieke Tuerxun
Jun Yong Park,Jun Yong Park
Junior Albini,Junior Albini
Junior Dos Santos,Junior Dos Santos
Junior Hernandez,Junior Hernandez
Junyong Park,Junyong Park
Jussier Da Silva,Jussier Da Silva
Jussier Formiga,Jussier Da Silva
Justin Edwards,Justin Edwards
Justin Frazier,Justin Frazier
Justin Gaethje,Justin Gaethje
Justin Gonzales,Justin Gonzales
Justin Jaynes,Justin Jaynes
Justin Jones,Justin Jones
Justin Ledet,Justin Ledet
Justin Salas,Justin Salas
Justin Scoggins,Justin Scoggins
Justin Sumter,Justin Sumter
Justin Tafa,Justin Tafa
Justin Willis,Justin Willis
Justine Kish,Justine Kish
KB Bhullar,KB Bhullar
KJ Noons,KJ Noons
Kai Kamaka,Kai Kamaka
Kai Kara-France,Kai Kara-France
Kailan Hill,Kailan Hill
Kailin Curran,Kailin Curran
Kajan Johnson,Kajan Johnson
Kali Robbins,Kali Robbins
Kalindra Faria,Kalindra Faria
Kalinn Williams,Kalinn Williams
Kamaru Usman,Kamaru Usman
Kamuela Kirk,Kamuela Kirk
Kanako Murata,Kanako Murata
Karine Gevorgyan,Karine Gevorgyan
Karl Reed,Karl Reed
Karl Roberson,Karl Roberson
Karol Rosa,Karol Rosa
Karolina Kowalkiewicz,Karolina Kowalkiewicz
Katlyn Chookagian,Katlyn Chookagian
Katsunori Kikuno,Katsunori Kikuno
Kay Hansen,Kay Hansen
Kazuki Tokudome,Kazuki Tokudome
Kazula Vargas,Kazula Vargas
Keita Nakamura,Keita Nakamura
Keith Berish,Keith Berish
Kelly Faszholz,Kelly Faszholz
Kelly McGill,Kelly McGill
Kelvin Gastelum,Kelvin Gastelum
Ken Cross,Ken Cross
Kenan Song,Kenan Song
Kennedy Nzechukwu,Kennedy Nzechukwu
Kenneth Bergh,Kenneth Bergh
Kenny Robertson,Kenny Robertson
Ketlen Vieira,Ketlen Vieira
Kevin Aguilar,Kevin Aguilar
Kevin Casey,Kevin Casey
Kevin Croom,Kevin Croom
Kevin Gray,Kevin Gray
Kevin Holland,Kevin Holland
Kevin Lee,Kevin Lee
Kevin Natividad,Kevin Natividad
Kevin Souza,Kevin Souza
Kevin Syler,Kevin Syler
Khabib Nurmagomedov,Khabib Nurmagomedov
Khadis Ibragimov,Khadis Ibragimov
Khadzhi Bestaev,Khadzhi Bestaev
Khalid Murtazaliev,Khalid Murtazaliev
Khalid Taha,Khalid Taha
Khalil Rountree,Khalil Rountree
Khalil Rountree Jr.,Khalil Rountree Jr.
Khama Worthy,Khama Worthy
Khamzat Chimaev,Khamzat Chimaev
Khaos Williams,Khaos Williams
Kiichi Kunimoto,Kiichi Kunimoto
Klidson Abreu,Klidson Abreu
Konstantin Erokhin,Konstantin Erokhin
Korey Kuppe,Korey Kuppe
Kron Gracie,Kron Gracie
Krzysztof Jotko,Krzysztof Jotko
Kurt Holobaugh,Kurt Holobaugh
Kwan Ho Kwak,Kwan Ho Kwak
Kyle Bochniak,Kyle Bochniak
Kyle Daukaus,Kyle Daukaus
Kyle Driscoll,Kyle Driscoll
Kyle Kingsbury,Kyle Kingsbury
Kyle Nelson,Kyle Nelson
Kyle Noke,Kyle Noke
Kyle Prepolec,Kyle Prepolec
Kyle Stewart,Kyle Stewart
Kyler Phillips,Kyler Phillips
Kyoji Horiguchi,Kyoji Horiguchi
Kyron Bowen,Kyron Bowen
Kyung Ho Kang,Kyung Ho Kang
Lance Benoist,Lance Benoist
Lance Lawrence,Lance Lawrence
Lando Vannata,Lando Vannata
Lara Procopio,Lara Procopio
Larissa Pacheco,Larissa Pacheco
Laureano Staropoli,Laureano Staropoli
Lauren Mueller,Lauren Mueller
Lauren Murphy,Lauren Murphy
Lazar Stojadinovic,Lazar Stojadinovic
Leah Letson,Leah Letson
Leandro Issa,Leandro Issa
Leandro Silva,Leandro Silva
Leo Kuntz,Leo Kuntz
Leon Edwards,Leon Edwards
Leon Shahbazyan,Leon Shahbazyan
Leonardo Augusto Leleco,Leonardo Augusto Leleco
Leonardo Mafra,Leonardo Mafra
Leonardo Morales,Leonardo Morales
Leonardo Santos,Leonardo Santos
Lerone Murphy,Lerone Murphy
Leslie Smith,Leslie Smith
Levan Makashvili,Levan Makashvili
Lewis Gonzalez,Lewis Gonzalez
Li Jingliang,Li Jingliang
Liana Jojua,Liana Jojua
Liang Na,Liang Na
Liliya Shakirova,Liliya Shakirova
Lina Lansberg,Lina Lansberg
Lipeng Zhang,Lipeng Zhang
Lisa Ellis,Lisa Ellis
Liu Pingyuan,Liu Pingyuan
Livinha Souza,Livinha Souza
Liz Carmouche,Liz Carmouche
Loma Lookboonmee,Loma Lookboonmee
Loopy Godinez,Loopy Godinez
Lorenz Larkin,Lorenz Larkin
Louis Cosce,Louis Cosce
Louis Gaudinot,Louis Gaudinot
Louis Smolka,Louis Smolka
Luan Chagas,Luan Chagas
Luana Carolina,Luana Carolina
Luana Pinheiro,Luana Pinheiro
Lucas Martins,Lucas Martins
Lucie Pudilova,Lucie Pudilova
Lucrezia Ria,Lucrezia Ria
Ludovit Klein,Ludovit Klein
Luigi Vendramini,Luigi Vendramini
Luis Gomez Alvarez,Luis Gomez Alvarez
Luis Henrique,Luis Henrique
Luis Pena,Luis Pena
Luis Rodriguez,Luis Rodriguez
Luis Saldana,Luis Saldana
Luiz Dutra,Luiz Dutra
Luiz Eduardo Garagorri,Luiz Eduardo Garagorri
Lukasz Sajewski,Lukasz Sajewski
Luke Barnatt,Luke Barnatt
Luke Flores,Luke Flores
Luke Jumeau,Luke Jumeau
Luke Rockhold,Luke Rockhold
Luke Sanders,Luke Sanders
Luke Zachrich,Luke Zachrich
Lyman Good,Lyman Good
Lyoto Machida,Lyoto Machida
Mac Danzig,Mac Danzig
Mackenzie Dern,Mackenzie Dern
Macy Chiasson,Macy Chiasson
Mads Burnell,Mads Burnell
Magnus Cedenblad,Magnus Cedenblad
Magomed Ankalaev,Magomed Ankalaev
Magomed Bibulatov,Magomed Bibulatov
Magomed Mustafaev,Magomed Mustafaev
Maia Stevenson,Maia Stevenson
Mairbek Taisumov,Mairbek Taisumov
Makhmud Muradov,Makhmud Muradov
Maki Pitolo,Maki Pitolo
Makwan Amirkhani,Makwan Amirkhani
Malcolm Gordon,Malcolm Gordon
Mallory Martin,Mallory Martin
Mana Martinez,Mana Martinez
Manel Kape,Manel Kape
Manny Bermudez,Manny Bermudez
Manny Vazquez,Manny Vazquez
Manon Fiorot,Manon Fiorot
Manvel Gamburyan,Manvel Gamburyan
Mara Romero Borella,Mara Romero Borella
Marc Diakiese,Marc Diakiese
Marc-Andre Barriault,Marc-Andre Barriault
Marcel Fortuna,Marcel Fortuna
Marcelo Golm,Marcelo Golm
Marcelo Guimaraes,Marcelo Guimaraes
Marcelo Rojo,Marcelo Rojo
Marcin Held,Marcin Held
Marcin Prachnio,Marcin Prachnio
Marcin Tybura,Marcin Tybura
Marcin Wrzosek,Marcin Wrzosek
Marcio Alexandre,Marcio Alexandre
Marcio Alexandre Junior,Marcio Alexandre Junior
Marco Beltran,Marco Beltran
Marco Polo Reyes,Marco Polo Reyes
Marcos Brigagao,Marcos Brigagao
Marcos Mariano,Marcos Mariano
Marcos Rogerio de Lima,Marcos Rogerio de Lima
Marcus Brimage,Marcus Brimage
Marilia Santos,Marilia Santos
Marina Rodriguez,Marina Rodriguez
Mario Bautista,Mario Bautista
Mario Souza,Mario Souza
Marion Reneau,Marion Reneau
Mariusz Ksiazkiewicz,Mariusz Ksiazkiewicz
Mariya Agapova,Mariya Agapova
Mark Bocek,Mark Bocek
Mark Cherico,Mark Cherico
Mark De La Rosa,Mark De La Rosa
Mark Eddiva,Mark Eddiva
Mark Godbeer,Mark Godbeer
Mark Hunt,Mark Hunt
Mark Madsen,Mark Madsen
Mark Munoz,Mark Munoz
Mark Striegl,Mark Striegl
Markus Perez,Markus Perez
Marlon Moraes,Marlon Moraes
Marlon Vera,Marlon Vera
Martin Bravo,Martin Bravo
Martin Day,Martin Day
Martin Svensson,Martin Svensson
Marvin Vettori,Marvin Vettori
Maryna Moroz,Maryna Moroz
Masanori Kanehara,Masanori Kanehara
Masio Fullen,Masio Fullen
Mason Jones,Mason Jones
Mateusz Gamrot,Mateusz Gamrot
Matheus Nicolau,Matheus Nicolau
Mats Nilsson,Mats Nilsson
Matt Bessette,Matt Bessette
Matt Brown,Matt Brown
Matt Dixon,Matt Dixon
Matt Dwyer,Matt Dwyer
Matt Frevola,Matt Frevola
Matt Hamill,Matt Hamill
Matt Hobar,Matt Hobar
Matt Mitrione,Matt Mitrione
Matt Sayles,Matt Sayles
Matt Schnell,Matt Schnell
Matt Van Buren,Matt Van Buren
Matt Wiman,Matt Wiman
Matthew Lopez,Matthew Lopez
Matthew Semelsberger,Matthew Semelsberger
Maurice Greene,Maurice Greene
Mauricio Rua,Mauricio Rua
Max Griffin,Max Griffin
Max Holloway,Max Holloway
Max Rohskopf,Max Rohskopf
Maxim Grishin,Maxim Grishin
Maximo Blanco,Maximo Blanco
Maycee Barber,Maycee Barber
Mayra Bueno Silva,Mayra Bueno Silva
Megan Anderson,Megan Anderson
Mehdi Baghdad,Mehdi Baghdad
Melinda Fabian,Melinda Fabian
Melsik Baghdasaryan,Melsik Baghdasaryan
Melvin Guillard,Melvin Guillard
Merab Dvalishvili,Merab Dvalishvili
Michael Bisping,Michael Bisping
Michael Chandler,Michael Chandler
Michael Chiesa,Michael Chiesa
Michael Cora,Michael Cora
Michael Graves,Michael Graves
Michael Johnson,Michael Johnson
Michael Kuiper,Michael Kuiper
Michael Lombardo,Michael Lombardo
Michael McBride,Michael McBride
Michael McDonald,Michael McDonald
Michael Trizano,Michael Trizano
Michal Martinek,Michal Martinek
Michal Oleksiejczuk,Michal Oleksiejczuk
Michel Batista,Michel Batista
Michel Pereira,Michel Pereira
Michel Prazeres,Michel Prazeres
Michel Quinones,Michel Quinones
Michelle Waterson,Michelle Waterson
Michinori Tanaka,Michinori Tanaka
Mickael Lebout,Mickael Lebout
Mickey Gall,Mickey Gall
Micol Di Segni,Micol Di Segni
Miesha Tate,Miesha Tate
Miguel Baeza,Miguel Baeza
Mike Breeden,Mike Breeden
Mike Davis,Mike Davis
Mike Easton,Mike Easton
Mike Grundy,Mike Grundy
Mike Jackson,Mike Jackson
Mike King,Mike King
Mike Perry,Mike Perry
Mike Pierce,Mike Pierce
Mike Pyle,Mike Pyle
Mike Rhodes,Mike Rhodes
Mike Rio,Mike Rio
Mike Rodriguez,Mike Rodriguez
Mike Santiago,Mike Santiago
Mike Swick,Mike Swick
Mike Wilkinson,Mike Wilkinson
Mike de la Torre,Mike de la Torre
Mikey Gonzalez,Mikey Gonzalez
Milana Dudieva,Milana Dudieva
Miles Johns,Miles Johns
Minotauro Nogueira,Minotauro Nogueira
Miranda Granger,Miranda Granger
Miranda Maverick,Miranda Maverick
Mirko Cro Cop,Mirko Cro Cop
Mirsad Bektic,Mirsad Bektic
Misha Cirkunov,Misha Cirkunov
Mitch Clarke,Mitch Clarke
Mitch Gagnon,Mitch Gagnon
Mizuki Inoue,Mizuki Inoue
Mizuto Hirota,Mizuto Hirota
Modestas Bukauskas,Modestas Bukauskas
Molly McCann,Molly McCann
Montana De La Rosa,Montana De La Rosa
Montel Jackson,Montel Jackson
Montserrat Conejo,Montserrat Conejo
Mounir Lazzez,Mounir Lazzez
Movsar Evloev,Movsar Evloev
Muhammad Naimov,Muhammad Naimov
Muslim Salikhov,Muslim Salikhov
Myles Jury,Myles Jury
Nad Narimani,Nad Narimani
Nadia Kassem,Nadia Kassem
Nam Phan,Nam Phan
Naoki Inoue,Naoki Inoue
Naoyuki Kotani,Naoyuki Kotani
Nasrat Haqparast,Nasrat Haqparast
Nassourdine Imavov,Nassourdine Imavov
Natan Levy,Natan Levy
Nate Diaz,Nate Diaz
Nate Landwehr,Nate Landwehr
Nate Maness,Nate Maness
Nate Marquardt,Nate Marquardt
Nate Smith,Nate Smith
Nathan Coy,Nathan Coy
Nathaniel Wood,Nathaniel Wood
Nazareno Malegarie,Nazareno Malegarie
Neil Magny,Neil Magny
Neil Seery,Neil Seery
Nicco Montano,Nicco Montano
Nicholas Musoke,Nicholas Musoke
Nick Catone,Nick Catone
Nick Diaz,Nick Diaz
Nick Hein,Nick Hein
Nick Maximov,Nick Maximov
Nick Ring,Nick Ring
Nick Roehrick,Nick Roehrick
Nick Urso,Nick Urso
Nico Musoke,Nico Musoke
Nicolae Negumereanu,Nicolae Negumereanu
Nicolas Dalby,Nicolas Dalby
Nik Lentz,Nik Lentz
Nikita Krylov,Nikita Krylov
Niklas Backstrom,Niklas Backstrom
Niklas Stolze,Niklas Stolze
Niko Price,Niko Price
Nikolas Motta,Nikolas Motta
Nina Ansaroff,Nina Ansaroff
Nina Nunes,Nina Nunes
Ning Guangyou,Ning Guangyou
Noad Lahat,Noad Lahat
Nohelin Hernandez,Nohelin Hernandez
Nolan Ticman,Nolan Ticman
Nordine Taleb,Nordine Taleb
Norifumi Yamamoto,Norifumi Yamamoto
Norma Dumont,Norma Dumont
Norman Parke,Norman Parke
Ode Osbourne,Ode Osbourne
Oliver Enkamp,Oliver Enkamp
Olivier Aubin-Mercier,Olivier Aubin-Mercier
Oluwale Bamgbose,Oluwale Bamgbose
Omar Morales,Omar Morales
Omari Akhmedov,Omari Akhmedov
Orion Cosce,Orion Cosce
Oscar Cota,Oscar Cota
Oskar Piechota,Oskar Piechota
Ottman Azaitar,Ottman Azaitar
Ovince Saint Preux,Ovince Saint Preux
Paddy Holohan,Paddy Holohan
Paige VanZant,Paige VanZant
Pannie Kianzad,Pannie Kianzad
Parker Porter,Parker Porter
Pat Barry,Pat Barry
Pat Healy,Pat Healy
Pat Sabatini,Pat Sabatini
Patrick Cote,Patrick Cote
Patrick Cummins,Patrick Cummins
Patrick Holohan,Patrick Holohan
Patrick Walsh,Patrick Walsh
Patrick Williams,Patrick Williams
Paul Craig,Paul Craig
Paul Felder,Paul Felder
Paul Redmond,Paul Redmond
Pauline Macias,Pauline Macias
Paulo Borrachinha,Paulo Borrachinha
Paulo Costa,Paulo Costa
Paulo Henrique Costa,Paulo Henrique Costa
Paulo Thiago,Paulo Thiago
Pawel Pawlak,Pawel Pawlak
Pearl Gonzalez,Pearl Gonzalez
Pedro Munhoz,Pedro Munhoz
Peggy Morgan,Peggy Morgan
Peter Barrett,Peter Barrett
Peter Petties,Peter Petties
Peter Sobotta,Peter Sobotta
Petr Yan,Petr Yan
Phil Caracappa,Phil Caracappa
Phil Davis,Phil Davis
Phil Harris,Phil Harris
Phil Hawes,Phil Hawes
Philip Rowe,Philip Rowe
Philipe Lins,Philipe Lins
Phillip Hawes,Phillip Hawes
Phillipe Nover,Phillipe Nover
Piotr Hallmann,Piotr Hallmann
Poliana Botelho,Poliana Botelho
Polo Reyes,Polo Reyes
Polyana Viana,Polyana Viana
Priscila Cachoeira,Priscila Cachoeira
Punahele Soriano,Punahele Soriano
Qileng Aori,Qileng Aori
Quinn Mulhern,Quinn Mulhern
Rachael Ostovich,Rachael Ostovich
Rafa Garcia,Rafa Garcia
Rafael Alves,Rafael Alves
Rafael Dos Anjos,Rafael Dos Anjos
Rafael Feijao,Rafael Feijao
Rafael Fiziev,Rafael Fiziev
Rafael Natal,Rafael Natal
Rafael dos Anjos,Rafael dos Anjos
Rafaello Oliveira,Rafaello Oliveira
Ramazan Emeev,Ramazan Emeev
Ramazan Kuramagomedov,Ramazan Kuramagomedov
Ramiz Brahimaj,Ramiz Brahimaj
Rampage Jackson,Rampage Jackson
Ramsey Nijem,Ramsey Nijem
Randa Markos,Randa Markos
Randall Wallace,Randall Wallace
Randy Brown,Randy Brown
Randy Costa,Randy Costa
Rani Yahya,Rani Yahya
Raoni Barcelos,Raoni Barcelos
Raphael Assuncao,Raphael Assuncao
Raphael Pessoa,Raphael Pessoa
Raphael Pessoa Nunes,Raphael Pessoa Nunes
Raquel Pennington,Raquel Pennington
Rashad Coulter,Rashad Coulter
Rashad Evans,Rashad Evans
Rashid Magomedov,Rashid Magomedov
Raulian Paiva,Raulian Paiva
Raulian Paiva Frazao,Raulian Paiva Frazao
Ray Borg,Ray Borg
Ray Rodriguez,Ray Rodriguez
Reginaldo Vieira,Reginaldo Vieira
Renan Barao,Renan Barao
Renato Carneiro,Renato Moicano
Renato Moicano,Renato Moicano
Renee Forte,Renee Forte
Reza Madadi,Reza Madadi
Rhys McKee,Rhys McKee
Ricardo Abreu,Ricardo Abreu
Ricardo Lamas,Ricardo Lamas
Ricardo Prasel,Ricardo Prasel
Ricardo Ramos,Ricardo Ramos
Richard Walsh,Richard Walsh
Richardson Moreira,Richardson Moreira
Richie Santiago,Richie Santiago
Richie Smullen,Richie Smullen
Richie Vaculik,Richie Vaculik
Rick Glenn,Rick Glenn
Rick Story,Rick Story
Ricky Rainey,Ricky Rainey
Ricky Simon,Ricky Simon
Ricky Steele,Ricky Steele
Ricky Turcios,Ricky Turcios
Rico Farrington,Rico Farrington
Rin Nakai,Rin Nakai
Roan Carneiro,Roan Carneiro
Rob Font,Rob Font
Rob Whiteford,Rob Whiteford
Rob Wilkinson,Rob Wilkinson
Robbie Lawler,Robbie Lawler
Robert Peralta,Robert Peralta
Robert Whittaker,Robert Whittaker
Roberto Sanchez,Roberto Sanchez
Rodolfo Rubio,Rodolfo Rubio
Rodolfo Vieira,Rodolfo Vieira
Rodrigo Damm,Rodrigo Damm
Rodrigo Nascimento,Rodrigo Nascimento
Rodrigo Nascimento Ferreira,Rodrigo Nascimento Ferreira
Rodrigo Vargas,Rodrigo Vargas
Rodrigo de Lima,Rodrigo de Lima
Roger Bowling,Roger Bowling
Roger Narvaez,Roger Narvaez
Roger Zapata,Roger Zapata
Rogerio Bontorin,Rogerio Bontorin
Rogerio Nogueira,Rogerio Nogueira
Roland Delorme,Roland Delorme
Rolando Dy,Rolando Dy
Roldan Sangcha-an,Roldan Sangcha-an
Roman Bogatov,Roman Bogatov
Roman Dolidze,Roman Dolidze
Roman Kopylov,Roman Kopylov
Roman Salazar,Roman Salazar
Ron Stallings,Ron Stallings
Ronaldo Candido De Oliveira,Ronaldo Candido De Oliveira
Ronaldo Souza,Jacare Souza
Ronda Rousey,Ronda Rousey
Ronnie Lawrence,Ronnie Lawrence
Ronny Markes,Ronny Markes
Rony Jason,Rony Jason
Roosevelt Roberts,Roosevelt Roberts
Roque Martinez,Roque Martinez
Rory MacDonald,Rory MacDonald
Rose Namajunas,Rose Namajunas
Rosi Sexton,Rosi Sexton
Ross Pearson,Ross Pearson
Rostem Akman,Rostem Akman
Rousimar Palhares,Rousimar Palhares
Roxanne Modafferi,Roxanne Modafferi
Roy Nelson,Roy Nelson
Royston Wee,Royston Wee
Ruan Potts,Ruan Potts
Ruon Potts,Ruon Potts
Ruslan Magomedov,Ruslan Magomedov
Russell Doane,Russell Doane
Rustam Khabilov,Rustam Khabilov
Ryan Bader,Ryan Bader
Ryan Benoit,Ryan Benoit
Ryan Hall,Ryan Hall
Ryan Janes,Ryan Janes
Ryan Jimmo,Ryan Jimmo
Ryan LaFlare,Ryan LaFlare
Ryan MacDonald,Ryan MacDonald
Ryan Spann,Ryan Spann
Sabah Homasi,Sabah Homasi
Sabina Mazo,Sabina Mazo
Sage Northcutt,Sage Northcutt
Sai Wang,Sai Wang
Said Nurmagomedov,Said Nurmagomedov
Salim Touahri,Salim Touahri
Sam Alvey,Sam Alvey
Sam Hughes,Sam Hughes
Sam Sicilia,Sam Sicilia
Sam Stout,Sam Stout
Sanford Alton Meeks,Sanford Alton Meeks
Sanghoon Yoo,Sanghoon Yoo
Santiago Ponzinibbio,Santiago Ponzinibbio
Saparbeg Safarov,Saparbeg Safarov
Sara McMann,Sara McMann
Sarah Alpar,Sarah Alpar
Sarah Frota,Sarah Frota
Sarah Kaufman,Sarah Kaufman
Sarah Moras,Sarah Moras
Sasha Palatnikov,Sasha Palatnikov
Scott Askham,Scott Askham
Scott Holtzman,Scott Holtzman
Scott Jorgensen,Scott Jorgensen
Sean Brady,Sean Brady
Sean O'Connell,Sean O'Connell
Sean O'Malley,Sean O'Malley
Sean Soriano,Sean Soriano
Sean Spencer,Sean Spencer
Sean Strickland,Sean Strickland
Sean Woodson,Sean Woodson
Seohee Ham,Seohee Ham
Sergei Pavlovich,Sergei Pavlovich
Sergey Khandozhko,Sergey Khandozhko
Sergey Morozov,Sergey Morozov
Serghei Spivac,Serghei Spivac
Sergio Moraes,Sergio Moraes
Sergio Pettis,Sergio Pettis
Seth Baczynski,Seth Baczynski
SeungWoo Choi,SeungWoo Choi
Seungwoo Choi,SeungWoo Choi
Shaheen Santana,Shaheen Santana
Shamil Abdurakhimov,Shamil Abdurakhimov
Shamil Gamzatov,Shamil Gamzatov
Shana Dobson,Shana Dobson
Shane Burgos,Shane Burgos
Shane Campbell,Shane Campbell
Shane Howell,Shane Howell
Shane Young,Shane Young
Shanna Young,Shanna Young
Shavkat Rakhmonov,Shavkat Rakhmonov
Shawn Jordan,Shawn Jordan
Shayna Baszler,Shayna Baszler
Sheldon Westcott,Sheldon Westcott
Shelton Graves,Shelton Graves
Sherrard Blackledge,Sherrard Blackledge
Sheymon Moraes,Sheymon Moraes
Shinsho Anzai,Shinsho Anzai
Sidney Outlaw,Sidney Outlaw
Sijara Eubanks,Sijara Eubanks
Sirwan Kakai,Sirwan Kakai
Siyar Bahadurzada,Siyar Bahadurzada
Soa Palelei,Soa Palelei
Sodiq Yusuff,Sodiq Yusuff
Song Kenan,Song Kenan
Song Yadong,Song Yadong
Spike Carlyle,Spike Carlyle
Stefan Sekulic,Stefan Sekulic
Stefan Struve,Stefan Struve
Stephanie Egger,Stephanie Egger
Stephanie Frausto,Stephanie Frausto
Stephen Regman,Stephen Regman
Stephen Thompson,Stephen Thompson
Steve Bosse,Steve Bosse
Steve Garcia,Steve Garcia
Steve Kennedy,Steve Kennedy
Steve Montgomery,Steve Montgomery
Steven Nguyen,Steven Nguyen
Steven Peterson,Steven Peterson
Steven Siler,Steven Siler
Stevie Ray,Stevie Ray
Stipe Miocic,Stipe Miocic
Su Mudaerji,Su Mudaerji
Sultan Aliev,Sultan Aliev
Suman Mokhtarian,Suman Mokhtarian
Sung Bin Jo,Sung Bin Jo
Sung Woo Choi,Sung Woo Choi
Syuri Kondo,Syuri Kondo
T.J. Dillashaw,T.J. Dillashaw
TJ Brown,TJ Brown
TJ Dillashaw,TJ Dillashaw
TJ Laramie,TJ Laramie
TJ Waldburger,TJ Waldburger
Tae Hyun Bang,Tae Hyun Bang
Tafon Nchukwi,Tafon Nchukwi
Tagir Ulanbekov,Tagir Ulanbekov
Tai Tuivasa,Tai Tuivasa
Taila Santos,Taila Santos
Takanori Gomi,Takanori Gomi
Takashi Sato,Takashi Sato
Takenori Sato,Takenori Sato
Takeya Mizugaki,Takeya Mizugaki
Talita Bernardo,Talita Bernardo
Tamdan McCrory,Tamdan McCrory
Taneisha Tennant,Taneisha Tennant
Tanner Boser,Tanner Boser
Tarec Saffiedine,Tarec Saffiedine
Tateki Matsuda,Tateki Matsuda
Tatiana Suarez,Tatiana Suarez
Tatsuya Kawajiri,Tatsuya Kawajiri
Taylor Johnson,Taylor Johnson
Taylor Lapilus,Taylor Lapilus
Taylor Moore,Taylor Moore
Te Edwards,Te Edwards
Tecia Torres,Tecia Torres
Teddy Ash,Teddy Ash
Teemu Packalen,Teemu Packalen
Terrance McKinney,Terrance McKinney
Terrion Ware,Terrion Ware
Teruto Ishihara,Teruto Ishihara
Thales Leites,Thales Leites
Thanh Le,Thanh Le
Thiago Alves,Thiago Alves
Thiago Moises,Thiago Moises
Thiago Perpetuo,Thiago Perpetuo
Thiago Santos,Thiago Santos
Thiago Silva,Thiago Silva
Thiago Tavares,Thiago Tavares
Thibault Gouti,Thibault Gouti
Thomas Almeida,Thomas Almeida
Thomas Gifford,Thomas Gifford
Tiago Trator,Tiago Trator
Tiffany Masters,Tiffany Masters
Tim Boetsch,Tim Boetsch
Tim Elliott,Timothy Elliott
Tim Gorman,Tim Gorman
Tim Johnson,Tim Johnson
Tim Kennedy,Tim Kennedy
Tim Means,Tim Means
Tim Williams,Tim Williams
Timothy Elliott,Timothy Elliott
Timur Valiev,Timur Valiev
Tina Lahdemaki,Tina Lahdemaki
Todd Duffee,Todd Duffee
Tom Aspinall,Tom Aspinall
Tom Breese,Tom Breese
Tom Duquesnoy,Tom Duquesnoy
Tom Gallicchio,Tom Gallicchio
Tom Lawlor,Tom Lawlor
Tom Niinimaki,Tom Niinimaki
Tom Watson,Tom Watson
Tony Ferguson,Tony Ferguson
Tony Gravely,Tony Gravely
Tony Johnson,Tony Johnson
Tony Kelley,Tony Kelley
Tony Sims,Tony Sims
Tonya Evinger,Tonya Evinger
Tor Troeng,Tor Troeng
Tracy Cortez,Tracy Cortez
Travis Browne,Travis Browne
Trevin Giles,Trevin Giles
Trevin Jones,Trevin Jones
Trevor Smith,Trevor Smith
Tristan Connelly,Tristan Connelly
Tucker Lutz,Tucker Lutz
Ty Flores,Ty Flores
Tyler Diamond,Tyler Diamond
Tyron Woodley,Tyron Woodley
Tyson Nam,Tyson Nam
Tyson Pedro,Tyson Pedro
Ulka Sasaki,Ulka Sasaki
Umar Nurmagomedov,Umar Nurmagomedov
Uriah Hall,Uriah Hall
Urijah Faber,Urijah Faber
Uros Medic,Uros Medic
Vagner Rocha,Vagner Rocha
Valentina Shevchenko,Valentina Shevchenko
Valerie Letourneau,Valerie Letourneau
Valmir Lazaro,Valmir Lazaro
Vanessa Demopoulos,Vanessa Demopoulos
Vanessa Melo,Vanessa Melo
Vaughan Lee,Vaughan Lee
Veronica Macedo,Veronica Macedo
Vicente Luque,Vicente Luque
Victor Reyna,Victor Reyna
Victor Rodriguez,Victor Rodriguez
Victoria Leonardo,Victoria Leonardo
Vik Grujic,Vik Grujic
Viktor Pesta,Viktor Pesta
Vinc Pichel,Vinc Pichel
Vince Cachero,Vince Cachero
Vince Morales,Vince Morales
Vince Murdock,Vince Murdock
Vinicius Alves Moreira,Vinicius Alves Moreira
Vinicius Moreira,Vinicius Moreira
Virna Jandiroba,Virna Jandiroba
Viscardi Andrade,Viscardi Andrade
Vitor Belfort,Vitor Belfort
Vitor Miranda,Vitor Miranda
Viviane Araujo,Viviane Araujo
Viviane Pereira,Viviane Pereira
Volkan Oezdemir,Volkan Oezdemir
Wagner Silva,Wagner Silva
Walt Harris,Walt Harris
Wang Guan,Wang Guan
Warlley Alves,Warlley Alves
Weili Zhang,Weili Zhang
Wellington Turman,Wellington Turman
Wendell Oliveira,Wendell Oliveira
Will Brooks,Will Brooks
Will Campuzano,Will Campuzano
Will Chope,Will Chope
William Knight,William Knight
William Macario,William Macario
William Patolino,William Patolino
Willie Gates,Willie Gates
Wilson Reis,Wilson Reis
Wu Yanan,Wu Yanan
Wuliji Buren,Wuliji Buren
Xiaonan Yan,Xiaonan Yan
Yair Rodriguez,Yair Rodriguez
Yan Cabral,Yan Cabral
Yan Xiaonan,Yan Xiaonan
Yana Kunitskaya,Yana Kunitskaya
Yanan Wu,Yanan Wu
Yancy Medeiros,Yancy Medeiros
Yao Zhikui,Yao Zhikui
Yaotzin Meza,Yaotzin Meza
Yoel Romero,Yoel Romero
Yorgan De Castro,Yorgan De Castro
Yosdenis Cedeno,Yosdenis Cedeno
Yoshihiro Akiyama,Yoshihiro Akiyama
Yoshinori Horie,Yoshinori Horie
Youssef Zalal,Youssef Zalal
Yui Chul Nam,Yui Chul Nam
Yushin Okami,Yushin Okami
Yusuke Kasuya,Yusuke Kasuya
Yuta Sasaki,Yuta Sasaki
Yves Edwards,Yves Edwards
Yves Jabouin,Yves Jabouin
Zabit Magomedsharipov,Zabit Magomedsharipov
Zach Makovsky,Zach Makovsky
Zach Zane,Zach Zane
Zak Cummings,Zak Cummings
Zak Ottow,Zak Ottow
Zarah Fairn dos Santos,Zarah Fairn dos Santos
Zarrukh Adashev,Zarrukh Adashev
Zelim Imadaev,Zelim Imadaev
Zhalgas Zhumagulov,Zhalgas Zhumagulov
Zhang Lipeng,Zhang Lipeng
Zhu Rong,Zhu Rong
Zu Anyanwu,Zu Anyanwu
Zubaira Tukhugov,Zubaira Tukhugov
